{"wall,empty,wall,empty": [-70, -10, -70, -10], "wall,empty,empty,wall": [-70, -10, 55.66639493665207, -70], "empty,empty,wall,empty": [-10, -10, -70, -10], "empty,wall,empty,wall": [-10, -70, -10, -70], "empty,wall,empty,empty": [-10, -70, -10, -10], "empty,coin,wall,empty": [-10, 100, -70, -10], "wall,empty,empty,empty": [-70, -10, -10, -10], "empty,empty,empty,wall": [-10, -10, -10, -70], "wall,empty,coin,wall": [-70, -10, 38.550675403113424, -70], "coin,wall,empty,empty": [100, -70, -10, -10], "empty,coin,empty,wall": [-10, 100, -10, -70], "coin,wall,empty,wall": [100, -70, -10, -70], "empty,empty,coin,wall": [-10, -10, 100, -70], "coin,empty,wall,empty": [100, -10, -70, -10], "wall,empty,coin,empty": [-70, -10, 100, -10], "wall,empty,empty,coin": [-70, -10, -10, 59.70577622490706], "empty,wall,empty,coin": [-10, -70, -10, 24.986906241219177], "coin,empty,empty,wall": [100, -10, -10, -70]}