{"empty,empty,wall,wall,empty": [-4.9922221875, 0.0, 0.0, -69.63083854909121, 0.0, -42.341465625000005], "crate,wall,empty,wall,empty": [0.0, 0.0, -18.3245, -38.577649218654344, 0.0, -25.30983918699396], "danger,danger,wall,wall,bomb": [-23.879728125000003, 0.0, -47.427560625, -18.9, -21.82998, 0.0], "crate,wall,bomb,wall,empty": [-4.027499999999998, -15.6, 0.0, -64.361739875385, -26.691021562499998, -24.212925], "crate,wall,danger,wall,bomb": [-52.247858025000006, -1.8, -36.270375, 0.0, 0.0, -4.0725], "wall,crate,wall,empty,empty": [0.0, -37.754999999999995, -12.18, -42.300000000000004, -52.65, -36.75], "bomb,empty,wall,wall,empty": [-42.3, 0.0, -57.952462499999996, 0.0, 0.0, -18.9], "empty,wall,wall,empty,empty": [-11.221863673255902, -1.8000000000000007, -71.267377151062, -10.7756325, -22.142308084576374, -7.123398263514042], "wall,empty,wall,empty,empty": [0.0, -11.22107775, 0.0, 0.0, 0.0, -9.0], "wall,bomb,wall,bomb,bomb": [0.0, 0.0, 0.0, -1.8, 0.0, 0.0], "empty,bomb,wall,crate,empty": [-63.0, 0.0, 0.0, 0.0, 0.0, 0.0], "empty,empty,wall,empty,empty": [0.0, 0.0, 0.0, 0.0, 0.0, -15.299999999999997], "danger,danger,wall,danger,bomb": [-1.8, 0.0, 0.0, 0.0, 0.0, 0.0], "wall,wall,empty,empty,empty": [0.0, -69.62991680012001, -7.210777499999999, -11.105388749999998, 0.0, -18.375203028295353], "wall,wall,bomb,bomb,bomb": [0.0, -52.59941169582557, -8.415, -15.862312500000002, -1.8, -11.553749999999999], "wall,bomb,wall,crate,empty": [0.0, -67.743, -63.0, 0.0, 0.0, 0.0], "empty,wall,empty,wall,empty": [-13.748144343749999, 0.0, 0.0, -11.84131875, 0.0, -11.84131875], "crate,wall,empty,empty,empty": [0.0, 0.0, 0.0, 9.0, -9.0, 0.0], "wall,empty,wall,crate,empty": [0.0, -20.932649999999995, -14.336662499999996, 0.6772650000000021, 15.411345315789475, 13.371974999999999], "wall,bomb,wall,crate,bomb": [0.0, -66.2175, -11.475, 0.0, 4.14225, -34.98], "wall,wall,empty,bomb,empty": [0.0, 0.0, 0.0, 0.0, 0.0, 0.0], "wall,empty,empty,wall,empty": [-18.233999999999998, -10.799999999999999, -28.605014203124995, -79.35515295739184, -23.55, -25.107375], "wall,bomb,bomb,wall,bomb": [0.0, -19.1733375, -8.699774999999999, 0.0, 0.0, -1.8], "wall,crate,wall,bomb,empty": [0.0, 0.0, -63.09, -66.15, 0.0, 0.0], "bomb,wall,wall,bomb,bomb": [-3.4747655752027526, 0.0, 0.0, 0.0, 0.0, 0.0], "empty,wall,crate,wall,empty": [-25.3960684375, 0.0, -43.3161561875, 0.0, -3.2999999999999994, -45.882154531249995], "wall,crate,wall,bomb,bomb": [4.59, 0.0, -55.71, 9.0, -1.8, -55.71], "wall,bomb,empty,wall,empty": [-63.0, 0.0, 0.0, 0.0, -63.0, 0.0], "bomb,wall,crate,wall,bomb": [-35.59725, -1.8, 0.0, -53.06162775875, 0.0, 0.0], "wall,empty,bomb,wall,empty": [-67.725, 0.0, 0.0, 0.0, 0.0, 0.0], "bomb,wall,crate,wall,empty": [-67.307625, 0.0, 0.0, -63.0, 0.0, 0.0], "wall,bomb,wall,bomb,empty": [0.0, 0.0, -67.6487475, -67.05961875, 0.0, 0.0], "wall,bomb,crate,crate,empty": [0.0, 0.0, 0.0, 0.0, -63.0, 0.0], "bomb,wall,bomb,wall,empty": [0.0, 0.0, -63.495000000000005, -63.0, -63.0, 0.0], "wall,bomb,empty,crate,empty": [-69.63976125, 0.0, -63.0, 0.0, 0.0, 0.0], "bomb,wall,empty,wall,empty": [0.0, 0.0, -9.0, 0.0, 0.0, 0.0], "empty,crate,crate,crate,empty": [9.0, 0.0, 0.0, 0.0, -63.0, 0.0], "wall,empty,empty,empty,empty": [0.0, 0.0, 0.0, 0.0, 0.0, -1.112287499999999], "wall,bomb,bomb,bomb,bomb": [0.0, 0.0, 0.0, -1.8, 0.0, 0.0], "bomb,wall,bomb,wall,bomb": [0.0, 0.0, -18.0, 0.0, -12.6, 0.0], "bomb,empty,crate,wall,empty": [0.0, 0.0, 0.0, 0.0, 0.0, 0.0], "empty,wall,empty,crate,empty": [0.0, 0.0, 0.0, 0.0, 0.0, -12.653071874999998], "bomb,wall,bomb,crate,bomb": [0.0, -63.0, 0.0, 0.0, -1.8, 9.0], "empty,crate,empty,wall,empty": [0.0, 9.0, 0.0, 0.0, -36.880812871875, 9.0], "danger,crate,danger,wall,bomb": [-63.0, 0.0, 0.0, 0.0, 0.0, -42.6], "crate,wall,bomb,wall,bomb": [16.331292832025895, 9.0, -24.11688168499635, 9.0, -0.38140785044483605, -55.71], "bomb,wall,wall,empty,empty": [-63.0, 0.0, -18.0, 0.0, -68.571, 0.0]}