{"empty,empty,wall,wall,empty": [-72.26061839181352, -36.74990705852046, -72.23910450771261, -104.0106759322008, -69.50518015215816], "empty,wall,empty,wall,empty": [-87.09008361423588, -136.8990381620327, -120.26914213258638, -107.93005496896753, -106.3128176475961], "wall,empty,wall,empty,empty": [-97.61631225343564, -90.09847235280586, -138.88364370213426, -91.4672745507035, -98.10985366348864], "empty,empty,empty,wall,empty": [-104.54797463137318, -100.9105910210499, -103.49173412913714, -98.26927442861786, -85.82254660022906], "coin,empty,empty,wall,empty": [-31.20305828442191, -22.176000000000002, 0.0, -36.75528879235109, -38.461259482553984], "empty,empty,empty,empty,empty": [-74.04811533190934, -71.68158151739678, -57.46350362101383, -72.21929188999798, -76.66321640739426], "empty,coin,empty,empty,empty": [-48.08269671867708, -62.91616448482849, -50.01955731160369, -60.710654018926846, -44.79895386484091], "empty,empty,empty,coin,empty": [8.453204509378025, -41.350725686397354, -40.00808330443891, -32.030927525804, -41.0601044887478], "wall,empty,empty,wall,empty": [-128.3009848436648, -104.14738612650827, -82.21221754812441, -73.5085280647361, -98.08457000812462], "wall,empty,empty,empty,empty": [-88.39492135182886, -55.445763895829884, -72.06623804991746, -90.0714665936155, -82.69606165681721], "empty,wall,coin,wall,empty": [-60.91411701421793, -33.0, -58.5185889150756, -52.51722596269563, -47.86666532236378], "wall,wall,empty,empty,empty": [-83.23878622312289, -132.33538818576343, -102.72016529860326, -79.69657836211007, -82.11810092836188], "empty,empty,coin,empty,empty": [-70.49505837787692, -61.21361477530656, -57.840798226589634, -63.88335326481938, -67.33631652996448], "empty,wall,empty,empty,empty": [-91.01928377464488, -92.63491147544549, -86.42237211827943, -92.56660839242844, -87.10456720720755], "coin,empty,empty,empty,empty": [-54.18300566411968, -36.55708777665807, -48.938651155674414, -29.156269919617227, -59.89830949780196], "wall,empty,wall,coin,empty": [-70.04918562138276, -79.15855223418532, -52.0299162616442, -75.50303705382794, -19.779330884438814], "empty,empty,wall,empty,empty": [-111.8320363154576, -112.08310849178366, -121.00921885816442, -89.8694295012047, -117.71584533047039], "wall,coin,wall,empty,empty": [-73.49784718328439, -59.30111017285168, -46.443779623193564, -72.52871124244821, -56.77417728626013], "empty,wall,wall,empty,empty": [-81.14054099209216, -43.9969105460443, -108.80398846535387, -57.75511629485938, -80.73418622671032], "empty,empty,coin,wall,empty": [-29.415058109804335, -20.948960014592554, -45.63011621960867, 0.0, -34.75988555299678], "empty,wall,empty,coin,empty": [0.0, -38.38443286280482, -45.67209408856266, -49.891569398608745, 0.0], "coin,wall,empty,wall,empty": [-66.02866948207546, -52.68836005185791, -27.827070578391297, -53.45567168783869, -33.0], "wall,empty,coin,empty,empty": [0.0, -13.200000000000001, 0.0, -20.805668753829284, -47.16169806981148], "coin,wall,wall,empty,empty": [0.0, -13.200000000000001, 0.0, -33.00746548285656, -22.731959740875492], "empty,wall,coin,empty,empty": [-44.84297035014372, 0.0, 0.0, 0.0, 0.0], "wall,empty,coin,wall,empty": [-13.200000000000001, -33.0, -46.65342987381579, -88.4388549869615, -61.5776749369079], "empty,coin,wall,empty,empty": [0.0, -13.200000000000001, -48.26264459530907, -46.468322339851476, -52.553972984113386], "wall,empty,empty,coin,empty": [-13.200000000000001, -52.800000000000004, -44.282062487112015, -46.60446208161839, -46.60446208161839], "wall,coin,empty,empty,empty": [0.0, 0.0, -49.24710668150052, 0.0, 0.0], "wall,wall,coin,empty,empty": [0.0, -13.200000000000001, -43.19518724299786, -32.0319347805153, 0.0], "coin,wall,empty,empty,empty": [-30.607471379341987, 0.0, 0.0, 0.0, -30.767874693994756], "empty,wall,wall,coin,empty": [0.0, -13.200000000000001, -79.74593238819838, -13.200000000000001, -39.364891420112805], "empty,coin,wall,wall,empty": [0.0, -40.517365751786116, -79.77406589982438, -13.200000000000001, -33.45641515643516], "coin,empty,wall,wall,empty": [-42.55210254599859, 0.0, 0.0, 0.0, 0.0], "wall,coin,empty,wall,empty": [0.0, -39.70179483566615, 0.0, 0.0, 0.0], "wall,wall,empty,coin,empty": [0.0, -13.200000000000001, 0.0, -33.5155359449067, -6.6000000000000005]}